participant_id,predicted_adhd,predicted_sex_f
UmrK0vMLopoR,1,0
CPaeQkhcjg7d,1,1
Nb4EetVPm3gs,1,1
p4vPhVu91o4b,1,1
M09PXs7arQ5E,1,1
tBGXkEdv2cp7,1,1
DgRP31gu21O9,0,0
ClMA0FwvFgLY,1,0
NVUkahaJ6fhf,1,0
u0JiZgdGuYvh,1,0
S6wKqEKnFGC4,0,1
6fpygdQTScAW,0,0
gZGs9hnN6jiL,1,0
FrjCLpmemRKk,1,0
9Znie6oQLkEM,1,0
ozh6v2FJ6R5o,1,0
Vv7IKSukMkhl,1,0
HoVdS7f0bCJz,1,1
EVPtiEgRI8RG,1,0
Mt3Yj75IxPWc,0,1
QnLlMzus4oy3,1,0
HCoutm3vtxtD,1,0
Wj38XO8FhE8w,1,0
OxxbywhAJabE,0,0
BcN00QkRO7Vd,1,0
Gka80cgncOhF,0,0
00aIpNTbG5uh,1,0
2AlLf4SXlT1q,1,0
5sysZl4IU7ec,1,0
dUPJ6W25gKWI,1,1
slISWLyzO7Os,1,0
BFgVj9r4WODJ,0,0
Svgloe9AW5R9,1,0
4cwPd7JVlpF5,1,0
puLkdUroSab1,1,1
VDu0H10c0r3f,0,0
ZT1SHZIQOjfl,0,1
ybWcziUvUmMg,1,0
9lkoRCPI7wqj,0,0
h2wSdg7XIBUJ,1,0
mbkAjWg5R89T,1,1
43DBbRe4MRuo,1,1
A1AXFSUEtLFQ,1,1
PtxdLLjvEhIS,1,0
jEv0KvTTZ0Mj,1,1
JFBtZWhMP4zS,0,1
ut3X2AvOLIiS,1,0
WJ2FxvDPLG1y,1,0
rA7DEU5wAjTc,1,0
sP406TpFhhu9,0,1
r44YD9eIqJ9u,1,0
2XgelktMkjAF,1,0
8jjvOdQ5WL1z,1,0
dEdF55cc6GvU,1,0
VZnIq2hRErI5,0,1
fxUaUlsegWbI,1,0
MkC90gNpKWfP,1,0
gvqfi0e4gNyF,1,0
3DQjLEvuLeY9,1,0
m4lTzGns4f6M,1,0
cbeRO2ANubFr,0,1
ZJWMGY93fLcC,1,0
D3JcJiXCwQK2,1,0
wHhpfK5aJYE6,1,0
zSOTbT8r7FQ2,1,0
qAJELai9eOdk,1,0
a5wkAFhZimab,0,1
9ZWUUWP1ukJb,1,0
md5ArXZ4FHxO,1,1
ctuEy19ZkfPy,1,0
uiulH4YtwxBD,1,0
2FGuklfnXFfZ,0,1
M0dvhILnOo2g,0,1
QHRfdl77a3Ov,1,0
6JOsv0QB1PgO,1,0
GC53kXEIH6OC,0,0
HD1AwaIizm9N,1,0
d3VfkRYzJJXX,0,0
WmN8AsBIyqL1,1,0
zeR6IKf0gn1Z,1,0
iPx1OmqKXOed,0,1
rH2IJOhXsCx9,1,0
UA6B07aYwk0M,1,0
ClepIPT0jAAa,1,0
sNzJo7MJqR3K,1,1
kCMLKPWB46df,1,1
YQv9L3FALP17,0,1
iGp2IeJ3B5T4,1,0
GWjdVvhFqzYm,0,1
o4DX1tFNd26s,1,0
ixb05xZu7fmJ,0,1
ecgrmDTFj9NQ,1,0
Inx9vmpppaHj,1,1
7b2pTR7Jx2Lk,1,1
OzpMhYaMdVPE,0,0
huFWt58fnSJm,1,0
beQLz9bF2a4R,1,0
aKO1WVFEtE4e,0,0
oAMlEd8H2316,1,1
aUlfLwhZqquP,1,0
NbtyNJyWfZPm,1,0
bQFnIOGjbJ0X,0,1
CKkgPNyqu2OK,0,1
cI2963FmxJti,0,1
Br5iq9t87U69,1,1
qbE8PJ1yZYQB,1,0
BvmqxcdVaFnh,1,0
oup0Auq1PhO9,0,0
oWaG7IGhK8Xh,1,0
eWANnB1ow1tH,0,0
GAXOWcKhhh7a,0,0
zHw6bfOIXdio,1,1
zA8qdvBcIPEz,0,0
GKZMaO7bAASr,1,1
spC2k4sahI40,1,0
wUVnLI226TJo,1,0
Ay6IkRCqBvs6,1,0
GLF6Ba9XaXqK,1,0
BxoE8h2aof9z,1,0
oCDBRq25D6ZL,1,0
QkBScne3uQsn,0,1
MjDDDK7ic4xT,1,0
SZxlsOgwVT6D,0,0
xMqLxayHfgDp,1,0
40Jc4nL8itee,0,0
6zbT9Ok6IOyX,0,0
bFzs5FP3fDIv,1,0
LvBx83Lgb3km,1,0
S8AIsbVWq37C,1,0
frOeeWOoEcb1,1,0
HaVok1HbMNxr,1,0
gUuMZbqPj2gt,1,1
fRHYMh3Q8jk6,1,0
n0pGiX03XMLj,1,0
kcO6ytsWhwvV,1,0
oagxk3X4AsPx,1,1
vNEtvICj3e2i,1,0
8PDoPj2DoJRn,1,0
a4eBT0EDLetv,1,1
Wd82KohzG2Lf,1,1
cDrJrnjqBzKT,1,0
zPPcBIPRVbIG,1,0
DIMnHDOVBt6b,1,0
IOoCvOU0M5iI,1,0
5oOJUGJ7arly,0,0
H5s7lABB6cPG,1,0
383IrbN9EV5Q,0,0
PLSPsExmUXmN,1,0
hr46r5VbonBz,1,0
1MCcsWuwrXm2,1,0
uWamyaUv5EsQ,1,0
nHLXpeSMJx2E,1,0
r5ys5YGsyU6d,1,0
fUOCPX8TLDGS,0,1
cY967zSEGfxf,1,0
OGitd7RL4GlH,1,0
W4f8IMz6KkEz,0,0
ZoOogZR0mVHJ,0,1
piMqm35FzuKu,1,0
qBYU3IkxK9h8,0,0
PFaSlxNUiizS,1,0
WvaZeKemduKY,1,0
IMJWcBNrTUbI,1,0
7XrJt0wgDUes,1,0
divJ7YLrsiwy,1,0
HSZN6xZKzhp9,0,0
ATObhMwuXLIh,1,0
uyxMzfR04KWH,0,1
GwtP9d2rbzgz,0,0
5D934HaQKbxA,1,1
VaBKvoEA40rs,1,0
4d3t724l76zL,1,0
If1BN9YuiH1U,1,1
t24GOe1fGzKr,1,0
lhhHdeuPZRRI,1,0
3X8Ls6i8z0HW,1,1
Ocr1E5l1mt7R,0,1
kANPcETW0qrT,1,0
kG6B3WGTWD1z,1,1
T2V5LjNBrdqZ,1,0
fNbnjJCB7hGb,0,0
MjZvZtZZPjcG,1,0
E9b6qK3FqmZQ,1,1
RXwIqwbnqBbz,0,0
zKBjkFIkdRI7,1,0
eXCwT8Afn6T0,0,0
ywSEBTGMWLt4,1,0
Lt5nOZq8OF57,1,0
BhRho0B9BQJI,1,0
iQaeiubYk8x0,0,0
UpjY3jG5wzaa,1,0
cIjfMTymsK2V,0,1
2Jgj01synxcH,1,0
GPDgonF9EB5D,0,0
l9qN2z7fmuNR,0,1
obNscdNnwnpw,1,0
LPWm6w5QXeev,1,0
6Rm8wMEaJTI5,0,1
ZrR6qlydACvG,0,1
tBNslVDWG7Jf,1,0
l40DICX949Zw,1,1
8Ro2MJOI8nC1,1,0
5uc5PmclCs0G,0,1
wOndj4V1fW9k,1,0
s7WzzDcmDOhF,0,0
fcdnxcFP1pc8,0,1
YQtcxsTSLWVO,1,0
Procsr1fVSz4,1,0
thOYOYaNuXNQ,1,0
NVjrv6HhAMos,1,1
2YLAlvXtbYce,1,0
L8Rhj24LJV8V,1,1
41u1VufawWtE,0,0
jA5iwa9nh8ed,0,1
AeWzIDpi2fmG,1,0
PFQTomzEXBwj,1,0
fKX4boaOjWkc,1,0
FIDen5rdMc0v,0,1
k8mNgwGYiEON,0,1
jBiMW18XssHd,1,0
veQG7fEs1JBS,0,1
TNLNtid3D8ml,0,1
mmEMz4RGB7V3,1,1
214Cg0T8Ct6d,1,0
meHZg53yClJU,1,0
BQP0hsFBBc6N,0,1
Z1SInb6bBHsu,1,0
NlZCRylKGwNp,1,0
EQtPla3Usndh,1,0
6BJdS6aRI9e7,0,0
0cduHhwrQN4r,1,1
6kz45LCWhcxe,1,1
qCAQATAgTtR0,1,0
UOUoxwhkmRSE,1,0
vTMOapJJfCXF,1,1
2TVgd0rxwfhi,1,1
19wn6hMP5wTE,1,0
lgIc57sAqLTP,1,0
Vy8IxoXFkgPd,0,0
qTRQ4uI5Vpab,1,1
vQWppdAIV6VS,1,1
3aBsc4JK5sJS,1,0
poHMFSF8wp2r,1,1
jOPK1SqTkf2b,1,0
dkdzVYGa3Iu8,1,0
LAiWnIfebHYX,1,0
4SJ1OB710KjM,0,0
Gs8LHlf5vYNy,1,0
gAHQk8TmXxcR,1,1
Qv0eTw5C1ZJA,0,0
aVO8fDJ6tlLK,1,0
fadrxHhFSS0k,1,0
LG2oEmHA3FBP,1,0
qjwAj9id9ovj,0,0
UVwstnvYU3bM,1,0
kawulA88OFSQ,1,0
Qrx0092ceTPS,1,0
nlCuXO5viyFJ,0,0
uS13ICG0EmdG,1,0
v5YNYUpoXpmZ,0,0
u02QVAgL6DhF,1,1
28mwHUApaS7q,1,0
jZZLVuyjMJzB,1,0
ZOd6P7m4InUQ,1,0
pv9F2sHMLd4Y,1,1
ybesND0DD3to,1,1
WHWymJu6zNZi,1,0
WM38zUiu85nD,1,1
4NP7hddtuLCT,1,0
GLEyZCX0pI0S,0,0
YBMlbrCzrn5p,1,0
HzYDBtN7eVGO,1,0
Sd6ijquC0kc3,1,0
imBwjy0pRm2k,1,1
raYG3D1cFSj7,1,0
pmNnsbT4yP0s,1,0
SweDuRdAZR1M,1,0
453dBn2VnG6h,1,0
iozAMnTwj81T,1,0
pFq0W0VuGWLw,0,1
lTfQuVJV0TMy,1,0
ZPcIruqMJouU,1,1
Zd5g1KvAefz5,1,0
FCRyMz9O6yCq,1,0
CPVkyhkuZNFE,0,0
k6o0MCq9s2Ym,1,1
SMmWtby1jwjx,1,1
SBzuN0PZrzRF,0,1
0m24Gv15bcjU,1,1
0Z5EOphA7h1o,1,0
jzMiGonWC3DB,1,0
ExV0vwCIzAWp,1,1
z7mwiuAPiqO2,0,1
azniCdMf2ITE,0,1
zlT4AqBGFiGv,1,0
EjfuXh9zsZoR,0,0
B5sbpHa06IST,1,1
QFYI2eLpaAnR,0,1
ULwVuksArq96,1,0
6rLnEOG5Herx,1,1
8chKGdmT3rLH,1,1
80UMdzMprwL2,1,1
W348GZELW1P8,1,0
apXT1ZuI5FLx,0,0
wh0H5BdyRy6o,1,1
waeaKz9kEkAX,1,0
7XJZtiSVaOtC,1,0
9HOBBLX4TRxf,1,1
UgVdu7yCx191,1,0
tS6VlqANkGNM,1,0
iweVTGjfRBlN,0,1
EAd1CQJZGqFN,1,0
XbzZbKXTdhPd,1,0
tOUY71zilTWM,1,0
v0VdBXIGO3HA,1,0
d8nvWPxE0sqc,1,0
mdLUnU7AnZ9m,1,0
2ktMxIwOY3Fa,1,0
jHzCOO471jtx,0,1
IIJVUM0djcAV,0,0
rhueX3fdPUfL,1,1
JmY9NQPr8PNH,1,1
N9WXo2Q6jzKk,0,0
E68fCkd8BBxs,1,0
6CbdgugZuWxc,1,0
v5r8ZU3MYZ1Y,0,0
fHYpxTrLLJp0,1,0
IPdg9IAuEo8f,1,1
bKUM9WGhwXxd,1,0
vt0fi05N0vdX,1,0
AsCDEcMxKsx2,0,0
n6Era6JKAiNx,0,0
X5zXVOqKvSjp,1,1
U3FzDZTOsMlD,1,0
ILfPrA125RFQ,1,0
vxbDd0snI6ti,1,0
Bwqx2B1e4fxL,1,0
a5JFxSZjVg5i,1,0
l7N2yrTf9yDx,1,1
346J6o15ocnL,1,0
bq0EEKU9SiL7,1,0
zW62ObiZfmKJ,1,1
u2jLDrGh29L5,1,1
ACpiwOeJFuJC,1,0
bkTAb6Mpe2xp,1,0
GyZif7sThzwn,0,1
nZwirR2N8NHb,0,0
X7Dq6Oa96HfM,1,1
RiBgBhBVxsvZ,0,0
hzTTvFU8eCBH,1,0
Kq6tM8sj7Ohi,0,0
ClA1qMkHwypR,1,0
NHpNjWCsdA90,1,1
wvHZuGFef9ay,1,0
CgU9hobPWpRo,1,0
61mfaqygu0ea,0,1
yzbeVWRFj5ZO,1,0
4PAQp1M6EyAo,1,0
SHnkoky6RrjQ,1,0
dlBCMx6EvFDZ,1,0
emH1j2pf9MZk,1,0
fBIo9HZkduhD,1,0
IIcWYuGaGgcP,1,0
1VHs4DIyxj01,1,0
qqP6O7WrYxdc,1,0
sHvoz4F73IO6,0,0
Ie5bnvwhxWoo,0,0
I4pZTFSHo8PQ,1,0
G0ZY8tRpMWJa,0,0
X8oQg4HPprQu,1,0
obsXLYyDE9nq,1,0
jOoFd3knp0XL,1,0
k9xJubJOXvJF,1,1
V1hvQd1IDHrG,0,0
CeC6xWaed2NH,1,0
IVBGlPAg0Qkn,1,0
IO5MLTKJ60tG,1,1
eFFKrnGuAp4q,1,0
Gcp4ECsxDvK1,1,0
c5XYkSp5Nipw,0,1
yRD0YJTg73vv,1,0
GFjsa5acU0ep,1,0
M6malGe8P7Ic,1,0
MRpXtasNoPSL,1,0
yDPAXPOdl29m,1,0
ROkNSfk36vfP,0,1
Le9WasrRR8dt,1,1
Pvmui4jYhR80,1,0
Pi59C4uUGauF,1,0
D2Bs3bit5pwa,0,1
Ek5YIvpdKmsu,0,0
9J8EUHnxePCd,1,0
DPxsspmkUSom,1,0
ovPm55KjzzDS,1,1
QZMiqNgesq93,1,0
SebKG45IfnXX,0,0
P3Dwo2E4LTnD,1,0
XQQL8kWu0oTp,1,0
XKNSC1a18kpX,1,0
k8oGsAq0kScN,0,1
rQ3L1CHq9P9D,0,0
PybQaVbQxMWK,1,0
raxgmKvDg1Rt,1,0
WCnwYPozbjPO,1,1
2jyNoejJmyCp,1,1
43kdSG0DM7DJ,1,0
bsBX0r7ecmTP,1,0
Ld1gYj8iR6al,1,0
oGsDbPJpDvqP,1,0
s55ZRHrJtnlL,1,0
v76YDCer9ZAb,0,0
tn5x1GqOpgvp,0,1
CZqxkD8oaBia,0,1
NfTlV84GXPB2,1,1
18p7bYCbIOs5,1,0
2i9en1fZyToI,1,0
tuHEwUBGYRCO,1,0
hVkDCar33EsW,1,0
HLLYUzohwNsO,0,1
scVVjQyE5IiT,1,1
VbdwZlLqQLYn,1,0
N9mYbw4Uusjb,1,0
mwPbo5RexxBg,1,0
QlUIplYsun4B,1,0
y5CzMKD8sEWs,0,1
5HtNHm5nVhlP,1,1
PYJnp3jAWocF,0,1
FrC4l1EkPHTH,0,0
zwXD5v17Rx01,0,0
kwWHNmMUwaS9,1,0
reA4Q3xNnK85,0,0
tsjhuTffSpbU,1,0
hX78DTmzeO2M,0,0
Zy9GTHDxUbXU,1,0
BedTsB2QXT3h,1,0
eSWpfA9cDBVR,1,0
G8pUq05iQECW,0,0
ZuCLNLMndKHD,1,0
u1bZUHZ810aN,1,0
fRUKTnfZt3j1,1,0
oW6SGdSfJYjI,0,0
P4t4PjMzF9Vn,1,1
FefK3gnMEtgT,1,0
iA5HCrgZtNWE,1,0
Jh14rFpVd8Km,1,0
m38HPVaRXPdl,0,0
BasRmOM2456L,1,1
gBFdKiRllu4B,0,0
hY5jmCSnqNaO,1,0
vN560IbFAlC2,1,0
onOHpZA6bVVA,1,0
2bmtDhItZVT0,1,1
zSfjCW1XVSqq,1,0
WC8OOFPLYlYT,0,0
YFN4DuRV1yJz,1,0
9D4a3uKBWE1K,0,0
3Se7SuBnhVuy,1,0
DFWifq215gTy,1,0
sik1KnZxkYn2,0,1
qdAt9ogX3KkI,1,0
N5QSFGn76PjS,0,0
ZugkgQoYcfZP,1,0
nAnNjmdr7rS5,1,1
5Kfgmzrxzp3v,0,1
heCzebEGmlyq,0,1
OFxvN8lnw21w,0,0
TwRUuM7ZQmhb,1,0
I9Q7PrfFcBuq,1,0
C6A7Lvjm0KLW,1,1
ata4sWbKgfXi,1,0
3t0jWSusiG0e,1,0
auVpv0cuxKVi,0,1
oM6q8ZwYF4Hv,1,0
nqLrR0ExZDQ4,0,0
eBizhFjDLd4i,1,0
nAyrxMzbUYNa,1,0
yILUxoVHNpWq,0,1
kiYuDf6CDbH7,0,1
yAjgolNkbnYk,1,0
l9I0XGZ2CKGk,0,1
aQWS3jYQQNde,0,1
fkI6TPDqVuoE,1,0
Z5T4f6OHLTaQ,1,0
KomJH1xW6wsy,1,0
NnML6Veyxg3r,0,1
I8H3GTjieiSH,0,0
I6ZzdRHILPBV,0,1
aPy2Ao8tQHnu,1,0
a7qT3UHHKevQ,0,0
Lm4DDgZ2mtmR,1,1
ISbDHgaX9r1l,1,0
EwYEQKW50R5F,1,0
mFvQwJzhLXcO,0,1
X6mFs3EnxuJt,1,0
1exRTCGiAbwI,1,0
U5buR7kc0QwS,1,0
qmLurjjRa8o3,1,0
TM7TELfH551a,1,0
h2DBbFR98l8b,0,0
xT4iKHZxwI2Z,1,0
ffoXNugXGty5,0,0
o3iswUQg4ZTQ,1,0
JgObbBX10G8Y,1,1
0FUWCjn9YMN1,0,0
92ut6w8EmXNi,1,0
QHAmOrfCvCFQ,1,0
Denj0WCTUApS,0,0
dI23GWHeIH06,0,1
pY9Rqh2pcCB6,0,0
E1ljhzkcXk2z,1,1
1HthYue8JWqZ,1,0
OfG313VrkSUC,1,1
jMQoTjb92bqE,1,0
FfKC3vL95uYq,1,1
8E7WIqYsBQBj,1,0
jTIjTNp3uook,1,1
y8c0cR2KtwJv,1,1
rD1V05NeFHrM,1,1
UrxHh0LFn3fb,1,0
L1dIq4QGB4I3,1,1
jnKz37Ha9QQs,0,1
0pGmIdpjGpXN,1,0
GIDWlolcqxK7,0,0
h2d2M2HqV5Vb,0,1
MiCB6SQX7seF,0,1
ebV3gWbvtSnx,0,0
KAwaybMoV6Pv,1,1
nNfmt7BNAZAs,1,0
ojheiqTVpHEr,1,0
lCPk4u9FG6Sj,1,0
zWzLCi3NTBTd,1,1
BGVTNNMy6ius,1,1
i31HtgM0yo7O,0,1
oQIEFet6cEff,0,0
4WXxgL5UXyCw,0,0
HNjDLTaifDI2,1,0
MucQLOXaTMfH,0,1
hihM4uIf4soH,1,1
3F4lE7kULqtR,1,0
z9KujyEvjvqb,1,0
RxdZ2umAbGqY,0,0
dJzOXks0OOdr,1,1
1ioUZRHhpmjt,0,0
vtBv6rK9TEsO,1,0
kzWZYStln0fx,1,0
wy2DEtkB9o8I,1,0
70z8Q2xdTXM3,1,1
WO3VoetRLF75,1,1
fVpojT68HwX9,1,0
syluiOV2RqxH,0,0
7DMBKRvxOK7s,1,0
bN7ZlL3Grs1B,1,0
eqnZu8VLBFYF,0,0
PYVkHrwtSZOC,1,0
wzcmeB68AWNU,0,1
1q4fVORHcXqs,1,1
95kqVsAlRJ9c,0,0
EoJhiA1kMQOf,0,1
A07isUgIThrV,1,1
umiR5MqviCsi,0,1
4VIE7TEmlPr9,1,1
brC47HA73vFe,1,0
ZT7TWIC4mM6M,1,0
KAVlAh61VAxE,1,1
BDR2gdM1G8pC,1,0
fI8YJXqTB0P7,1,0
JcPKrPUG1gLe,1,0
KBGDu4oGa56e,1,0
evsCyrJNVy8i,1,1
IgKphyARLlkg,1,1
u4n9kvWFF3i1,0,0
M8CwaS4IokXd,1,0
EDeY25wIivwn,0,0
IOyogKt2l9tH,1,0
n3z19MTbnwil,1,0
U9Fo8J6oTPUz,0,0
Z6vDxSGxnCtl,0,0
Xjon1Ep7TDF6,1,0
S04GCmOE52Zv,1,1
H9EU0xUEI4QX,1,1
Ft6tvN8XebzN,1,1
P5e504u4H6mf,1,0
OWtzJlrVRqtG,1,1
MRuzsnsEh4Uf,1,0
96zyuTz2kX7n,0,0
8GtFbacKpZrx,1,0
P50xExP8kMqU,0,1
S8a4pIeq9Ay6,1,0
lmhX1hK0LJs6,1,1
vRp3pYC1P44F,1,0
LTVWSXZ70q04,1,0
VLKW4PIOD7Ah,1,0
k5J9a0krAV46,0,1
HoDD0YAKpaaO,1,0
souZpvrxn6pq,0,0
4UNvlT2g6I8R,1,0
M3UnjAiVUSCk,1,0
ARe5XHeeS9AG,1,0
jfXuZ5Pg44Ht,0,0
GwFEwxVepGR6,1,0
5rLgodzRWOGy,0,0
KBqBcjL5anOT,1,0
pP1f4EirOrpl,1,0
fuApQJV2wS24,1,1
dHbcyEIaeMp8,1,0
lNSNZwyaL1EO,0,0
D12SA8r8gzq6,1,0
8nVjYNEKhXcL,1,1
ULnCa71fRTKT,0,0
gxcTipfnO3Rr,1,0
fkYfjyqWDp63,1,1
oJdKcEZNjYOe,1,0
PYWvAQ6NAbeU,1,0
uOSzwPvbGfJu,1,0
mMijJMsniCoH,0,1
qUyUiTjKel0p,1,1
dV3APoDHAwWf,1,1
xt0nYnNFpDNj,1,0
glkmphTnHpNB,0,0
AX5mEpGpmZ8F,1,1
ZOhJ2jMPGka2,1,1
Myb66uvCLqh1,1,0
AWr9h4BvkbY2,1,0
Y3HyrbvvgGuA,1,1
ireliSNC1lbM,1,0
4c4y4uWU3bxK,1,1
btmIBcR8Sidb,0,1
w9nGBHqJUPdL,0,0
0JhQVAT7btJ5,1,0
mNm9dJQNjdQ4,1,0
fnHk3nQbUmHD,1,0
a8puDozNuOdh,1,0
N72fbPUgTKvq,1,0
9Pqib6cW1oAr,1,1
Bbf787OyV4nq,1,1
CJzIUMTCUfak,1,0
PUFK4VeXl8ky,0,1
UmN79UUheNpw,1,0
Jf2u0UWFo6pK,1,0
SxtMHuDkZROR,0,1
tZMdLcJBKiSU,1,1
Xm2Qxhvontf1,1,1
LsFqznH3GIvS,1,0
A9TVhUMBvwSj,1,0
LzoOSXImj5i4,1,0
nPOaFnetJKTr,0,0
gSuOfIde6Wrs,1,0
tWoGN6iuXPyT,1,1
ymIvXfO1Q2g8,1,1
1Q7p932iUbEl,1,0
7oNwXtbqXHFy,1,0
ObxEDsuvExoq,1,1
18K8e924IXlw,1,1
MYRp9gQ0V5fR,1,0
s1nkHhf1VcvM,1,1
ilb3LFaWIQvr,1,1
C9Exg394eQwy,0,1
uwkIDWtfPhLS,0,1
CGjmkWngAOlM,1,0
xjd49adoq3ES,1,0
thOEqb7itFN4,1,0
0Hthz5IFXhpw,1,0
cjyO5e5JqALr,1,1
ISbyfc0BZpg6,1,0
hPoKioBXQM9D,1,0
J5Dl8Wb4ZIsr,0,0
4gIBOZrUvpjO,1,0
Cfpbzqi3NA9K,1,0
00fV0OyyoLfw,1,0
oSlcxZbncT7a,1,0
dlsMC4TXL4e8,1,1
zHyPVux7ymz0,1,0
sqsw150rz7nL,0,1
3ccP8yu5w5Yo,0,0
Glcfu8Z9lNmh,0,1
2TBSI4xlvChL,0,0
h0Al0KbBEsyh,1,0
v4O6vulcxDmk,1,0
9FfulXtesxnP,1,1
gDkE0AETCmEY,1,0
EnygAuFCuNQl,1,0
nMptId0sxBIC,0,0
7Fga1GnIjOfA,1,0
tsHvTgApwKUR,1,0
3jc06jIExmaR,1,1
ff7bZxUjf3fh,1,0
fd7M6HwCJZ4P,1,1
psUujiWvKE2O,1,0
QdPtAD8qUfIh,1,0
32OXB0Ld4ZbF,1,0
MDIjJvOlkSaP,1,0
Vozw3MnXlPyz,1,0
GbqZy3FlL9CL,1,0
PR6OaPxnW3oN,0,0
qk2RutjZfkP8,1,1
MFdz6VZpjSN4,1,0
P4GGkF61R75B,1,0
YT5ISQTwjGj4,0,0
Q33FOJczUgb9,0,0
Wg8uWfarMR8q,1,1
CkpuWtOhgCHN,1,1
mhXkNbc9fWX4,1,0
4J5M0hh1aqri,1,1
06YUNBA9ZRLq,1,0
FMuOOmGuYXdd,1,0
F4m9QhaMihvb,1,0
oHiEYS4GVx2Z,1,0
i5v9HiIxRawv,1,1
vUD6FNJEsW2p,0,1
C51byntNuac1,1,0
3EMeVPWMy8Jc,1,0
jyFBJOBz7u6g,1,0
OZcOpOLZmHAj,1,0
ZKkihHnBXJxc,0,0
ndQQaFBftxU0,0,1
TwBdTna2IPld,1,0
zpU7rEseBMH8,0,0
qG9s8n7JBWGu,1,0
M4OIoGs60bKl,1,0
5lSV0hBXAzcK,1,0
cy9x5OG6YJxh,1,0
lH8hZWIn2OXP,0,1
o6MXPHR32N94,1,0
y5p24H1Z8sVz,1,0
UAH1tSOSH1fv,0,0
9XzB1w0mab65,0,0
wAGaOJfMAX2q,1,0
ikMRX6uXk1Da,1,1
2Z6DwZKxZoUO,1,1
xE4arLKqdWOR,1,0
RWLTAz0qt46H,1,1
vyZu5oQer3ej,0,0
KMvO1PRzBE6A,1,0
cLXc8PJRyXo0,1,0
3Av3C2ajuKHa,0,1
SbVaILnj5mVm,1,0
HpPWaAINm6e5,1,0
2rr5jmiQTO2I,1,0
fUY6tvhJc4TS,0,0
Eqc7qZj8etDH,1,0
9KA3TnvNby73,0,0
mQ31yTTXCkt7,1,0
AdlyngsfATlt,0,0
obEacy4Of68I,1,0
EvDQKMG9UlAN,0,0
U9TIZMXY6Zc2,0,1
6MFd3n4TO3D6,1,0
OeH9RFBOOktQ,1,0
34IrunCjAzfV,1,0
JuIXwG6kxv9o,1,1
H3bW91XbuIoq,1,0
DImiLHwbsVjF,0,1
aXBF66o0Gs7A,1,0
lttjsyOpzDyQ,1,0
xK4n2kkwIyT7,1,0
h7q8vYVGfWB6,1,0
WeyylbSGvqhS,1,0
4CrJtMImCWBt,1,0
toSHk1Zninz2,1,0
WK20sSlccEMn,1,0
3jfYEZ9nAKKr,1,0
OtkIG0IDuLzE,1,0
XC6aisOM0WzL,1,1
2qhtKg63T0ZB,0,0
yvfPVGxEgIPO,0,0
Se7GYa2UMERT,1,0
rZZ9tz71ay7A,0,1
SQm76fJSbnOJ,1,1
Uv58sWnW53aL,1,0
zGijz1UFjAfz,0,1
1ChuFljXLGaq,0,1
yPqk7RmP36lu,1,0
IeJA1oj5MsIA,1,0
V3FbnDAyRsno,1,0
daWpYb1V7j1i,0,0
pt9crzQunzLC,1,0
yCbYp0GFyynV,0,0
Fiw9NzfhWBQT,1,1
WEnkO4VdipnB,1,0
PqGOUhZV8CA5,1,1
M0DrE9K0IoGF,1,0
YmeN5YwgkTt7,1,0
dmAXFwtZoHU8,1,0
0i2Tz2XUL4vm,1,0
tYLjXtSTzh7s,1,0
T4CaImRntWnB,0,0
i6j2liWF1QQc,1,0
XBAesR0BxzjQ,1,0
W6ekUUizxmFi,1,1
Jy9QEytz3CXK,0,0
skpx8jms0gQy,0,0
iV7jWtW1kMa6,0,0
BNImFZWqOnAe,1,0
KewFB4GN3Fcy,0,0
wErKNIIKPeJC,1,1
SOuAkQ03eqfL,1,0
M77qiA0e7JEm,1,0
udC72GXgJelz,0,1
qHaIxizePvDX,1,1
ESdFP1sKPZoC,0,0
lMcyIVCRhgVg,0,0
zpr8w4jCfVPe,0,0
EI13GitlU4gX,1,0
64RXQEH50nFp,0,0
FmtsnhELYrhv,1,1
NoUgsDDz4wlk,1,1
DxPtPFaUy7YL,0,0
H3ToH743CSaM,1,1
ur91jWicPH7j,1,0
Hn7obzzz4omm,1,0
LviK6VKsIqzX,0,1
fKQY0gay4y9E,1,0
GNUNEuXljvHF,0,0
xVQ9g4GVYGTY,1,0
Xmew0RxDch8z,0,0
KEqbR8zp5caZ,1,0
CX02EIWuS9RZ,0,0
ndpimkP7EBir,1,1
e4xS09YgQKtC,0,0
TExdbXbj29qJ,1,1
f4ncAbyBNvz3,1,0
7chjLKUfADZE,0,1
EWuJGDEXQ7jL,0,1
hcjICV8hUEmV,1,0
ORMQN4hpMn26,1,0
R6QlZMfb71bW,1,1
Yl3Bo92wCsi5,0,0
fjZaLBgjb3rq,1,0
0hzWGU6XYSVp,1,1
OWley79JNkVC,1,1
poOPe7ceWIea,0,0
fWOgfZJtPJca,1,0
R9TlG0rL5ZN5,1,0
jINKc4afJrWp,1,1
vgFY5UXgkIcq,1,0
ITtCGeKprJ2j,1,0
cJIMvIHomZpr,0,0
vrhTp07N2M92,1,0
njmgj5OKBIPQ,1,0
MLqnbvx2NtDg,0,0
iV2kydM7mzQz,1,1
eeMmAOvpnuTD,1,1
Ybqkn2vL7OHv,0,1
Q1OFFbZlNHzg,0,0
5F3r3sUVLmCm,0,0
OqTzy0OM3EpT,1,0
B96nlXiAgJGW,1,1
fWGP8ELlaI2m,0,1
vGtc2SmzvOYA,1,0
l6iSqFUUKBaQ,1,1
04X1eiS79T4B,1,1
LJh0wujaSfaw,1,1
nIrdhUewIAtd,1,0
ufM0bz2zOIXt,1,0
TO0nLT76Skhw,1,0
t96uT6mftKXH,1,1
ll9SaO79s548,1,0
NZzbu4Buecl5,1,1
MMH1uM7wltAr,1,0
EDNJ4BXo8jx9,1,0
teOipnrXHuIG,1,1
y6QbFITvfoL9,1,0
IYf7EbMgAbqN,0,1
fGTvn4BGUGek,1,0
1N45T6POzVzK,0,1
DaFvCGgjjGzA,1,0
ZrEocbbTa2lB,1,1
lJrTyS4zXJgW,1,1
16aihxrHTH3I,1,1
mlHYBZet01sJ,1,0
I9RwLHw98LZN,1,0
JYM7XfjW9F1U,0,0
Z5P00aZR2OCu,1,0
1HNj04PV3BVj,1,1
Xb1RoSAN21fv,1,0
wP2cLHEkJQEk,0,0
oMVHj7yokPkW,1,1
ZR9wQFUviEBu,1,0
2Mjpn48uEjoY,1,1
bg3ft37FRcub,1,0
FdaKVY0DEW2k,1,0
fXzkHvWULRrq,1,1
Ht6J7gBxOFub,0,0
cm4bZYqnAfUy,1,0
yvdbINTofRuz,0,1
mynHzgXhOooe,1,0
XRaU73MhZsca,0,0
ZgFPhkc6EsMx,0,0
ntYOvNxzRFGl,1,0
NjKqJHnnVnsl,0,0
bQzsUpzDgVkN,1,0
wk4H62lfM7qy,0,1
epGIlkmYMthb,1,0
UxzkcTTukkSI,0,0
SPOst5zR0tys,0,0
zwjJWCRzKhDz,1,0
RB8JKs5CEhg7,1,1
m7mfeSK1G4Jy,1,0
iG6o0TuXgddL,0,0
QwGGBD5vYjcA,1,0
XhBHRzIcHLLX,1,0
JInOHdXltu9H,1,0
SpJz51dqcBhJ,0,0
f95HtRbJncJa,1,0
3e0BfRErBAVW,0,1
REiHkgvXs2Sw,1,0
NQptACNJMl68,1,0
JacT79warKyx,1,0
sOACUY04LMvY,1,1
abB4wt0agnXC,1,0
je0xT6OY2cyp,1,0
Ab2UYwV1Xl8W,1,1
7M1XRsbvTMRq,1,0
C2Q4cJSSDOdw,1,0
HG0Pu8QHXKut,0,0
wOuHOTHiQHEA,1,0
Tt4tiK95izqk,0,1
DmicAz5iDcPl,0,0
ihIwCwjJq6Re,0,1
7AaDVTBrqpwA,1,1
0mNF7tXTbYj3,1,0
O7qRakCyiUlW,1,0
Ryo0mDxPinok,0,0
PLwm8K27P022,0,1
5nMvgEkXdeOB,1,1
la3RxK4N37em,1,0
An6hN72GCDBX,0,0
LkE795nTZE14,0,1
0k0soy5qh5V3,1,1
aTIBqHbKzsSi,0,0
uenSfhynf5ut,0,0
ePfFpufOYJFy,1,1
20cfC8xUkIgx,1,1
QRg0pMeAF7nV,1,0
mMga5MSQWEgo,1,1
lVga3GCDHVjE,1,0
VkZ9015tGthH,1,0
z4XXmyBCXc2C,1,0
26I0UioMM8cE,1,0
8GSGqksFjHwY,0,0
bIr3I7I14dAs,0,0
cNcESmsqNpqp,1,1
JT0RstNK7krH,1,0
EdzEdUqL1fkc,1,1
Ucpxcdvhzdtg,1,0
jsSpilEyKly6,1,0
ZkakOF8J1wn7,1,0
wRGO69GjV1v6,1,0
eo8985CwtN2u,0,0
lMz8QqS8nyMK,0,0
boKzkk2kAdFo,1,1
FAUivLlHvlEt,0,0
UwwlGGFCjkvP,0,1
W638LVGuZzTT,1,1
QwmjNJAiuDOB,1,0
pL8W1rmGHthN,1,0
6ttSgwyC1uQx,0,0
txOnEb8qKWFS,1,0
4rMSDIn4OXgI,1,0
Jz96BoYNDD51,1,1
xqQ5NCiqE469,1,0
3ByGjoEVplnW,0,1
1CrYokgmRpSg,1,1
mrKrXteRuqvf,1,1
S42bdye8NcIE,0,1
l6zmYt3wZdcK,0,1
bVElo69PNbqc,0,0
0N8sQwUgUPEj,0,0
Ty8Se5nVRKOY,1,0
YD2KXdZAFjDn,0,1
c8ud4wzhSNUe,1,0
wRhzhymsrg1O,0,0
05ocQutkURd6,1,0
LuwNhqmGwDcD,1,0
DVExKsG2Txil,1,0
yBXIW5DPpBat,0,0
6hAqUQtqsDhT,1,0
sp0Vctffnn8P,0,0
SaDp4CnYCHqb,1,0
kozPOVwhdGdv,0,0
3yjwwRWX7KUY,0,0
AfC7kctw3hB7,1,0
VSSX48UFaF3P,1,0
36DngJCPwQnF,1,0
cDv8BkaIo1Fc,0,1
BRchjdZrCOlP,1,0
MHETbsRYWQ7y,0,1
nQy8DxbLCksm,0,0
ZaI5IHj64Nd5,1,0
ulkctrRjT5vt,1,0
4N4Q1eYler0U,1,0
CtJzGTu0T8sv,0,1
hH4mUCU0cju6,0,0
IQamf4XLmnKD,1,0
yjfhH6wiXanq,1,1
CF65vwEc13FR,1,0
H6Z8OShJykuJ,1,0
jvwDF0z4eq5l,1,0
JiNTUeM7ROMe,1,0
SCN7QbWv4MpL,1,1
hQcZ3HzX3FCs,1,0
Jc0aoGFdm85x,1,0
W1uPC9UrBXvR,1,1
SEEggdXjZ77M,0,0
sId1cQF5F22m,1,0
gLzX3io8oYaq,1,0
oSeyfmbDkqCf,1,0
BdvtV9b0bYwu,0,1
DxCjCAumW9qC,0,1
Uhuz4GviFPlK,1,1
hE6bj3TQa88Z,0,1
jJ56Z1L5Pi7K,0,1
7XyuUBbIscMY,1,1
Aeq7jjPw8Ri5,0,1
kajMeEVgs5pg,0,0
DCtHBkyY8iD1,1,0
4GvuT87XK9CX,1,0
puNhkxYxMekm,1,0
ThtrMtlxFQDp,1,0
lR3hGACfznyK,1,0
ornoLa4aPM1t,1,0
yVS8RYoOZciV,1,0
mQtqveqN0ZMS,0,0
EZ7QQHMqwtHr,1,0
j2r7q7BxGKgk,1,1
9F7XjZUWfwbG,1,0
Gizic6JE7eH7,1,0
R3zeyk55n4Y8,0,1
eC2397lXg3Bm,0,1
GHTyw4C3DwZr,0,1
jLJl8VlmJhHM,0,0
Zdjq9EO8yZoh,0,0
h7DWyB2ylSP3,1,1
yYGFvUEKJ9SX,1,0
ZbiiXIOXcp1g,1,0
oDNBn149nFCQ,0,0
q1zuXxzuPmdO,0,1
7CkP21xwNO4M,1,1
GqfgackwiWwf,1,1
A0LNBRPwP8q0,1,0
aNzZlNhukTZA,1,0
cYRQEhrfDAtH,1,0
FE4sAqKUPfr9,1,1
XGfx89iE8YzK,1,1
aIT44s8hVX8o,0,1
lILBLJvu97sB,1,1
hGeF7WVCqEcH,1,1
8264D8UtaILW,1,0
WFjmt3uYqXiL,0,0
H3lki6M5C97v,1,0
23jyecICg3dF,1,0
0wXo9yCbnVig,1,0
HvT4CWd4zhqA,1,1
mPbBS3Z7pfjb,1,0
1UzjMuTvkNjy,1,0
JJ91fVAJJ47g,1,0
q85mG9FZMa7p,1,0
w93nlngSfQ5q,1,0
vBf24YQteuvD,1,0
3mxhY3zRnmoy,1,1
qBxfkLudslmX,1,0
Zye7yYRQohXi,1,0
YTfJrg9L8FJo,0,0
DKubfxMoHdIS,1,0
52s1ZW91cuyZ,1,1
arUN4AQenrAr,1,0
xP4UJF2685wR,1,1
ersN9vo3gFUu,0,0
mVesy7vkV4W3,0,0
lRQxRtPpW5zH,1,0
Y79wRRIuOvia,0,0
b4FWrJpQA330,1,0
vf1akUdbv0FE,1,1
um0Awu6Rmi05,1,0
rQ6znv6A2bn5,1,1
Mlj93oSD2LCH,0,1
5GbunX0fw9fA,1,0
jHMcwVcDFn2T,1,0
yV7uDX9Vq8Nd,0,0
HHnb2caHyB0s,1,0
UvIfVZWHRSd1,0,0
7w9wg82ysAma,0,1
z1FVD7d0BGpV,1,0
7srNkSewjEgg,1,0
mI5SxElwsYDi,1,1
Z1iZrFmpG9RP,1,0
tRvasFR812e8,0,0
x9uI5kIK6Ij4,1,0
jvMvb72PDkBw,1,0
2A1deC63kVAu,1,1
BwQa6UhJjI4o,1,1
h9QfIJv7vqVg,1,0
9X6lb5agg6vk,1,1
YIkGJqJlqiYR,0,0
HAHYSPs753Cc,0,1
tBP9frgzqhFI,1,1
kTurROKp5YHQ,1,0
VtAEhu8mflgZ,0,0
iQefOw8O6fWc,1,1
LQODuCeROCG6,1,1
jxTwt1iuiC8i,0,1
FudKx3F8glFq,1,0
MxqTzfJmA8vy,1,0
OxKrynzi5oHN,1,0
XTvG5IE4GGZl,0,0
brRPgQnztSZ8,1,0
DBiXOWDsqwm2,1,0
WURpNxKDGoo2,1,0
We2AYo6q1cUt,1,0
Bm6FfgcqV5IC,1,0
4jcjsVojNS96,0,0
CSLqwJLrqClr,0,0
GAOpTeUSloVu,0,1
OsoeRClzHqCM,0,0
U6c8ss6fM0WE,1,0
wWP6mpsmMFDF,1,0
bSl2ivJMiu8J,1,0
nvS8l2tvavgF,0,1
zwBG0rZ05Mcb,1,0
XZmtJZanelS4,1,0
DkKXGmj4YH4k,0,0
TrEgbui906hP,1,0
aljzaYpR4j1l,1,0
klhpmhQseAYw,0,0
yi9J1NNo3V6P,1,1
4JjEThZDJkAl,1,0
iUjl7ihgmyZu,1,0
1iFfsUtpS5rB,1,0
7DOnnFs86L8o,1,0
1VBK1CiBG65H,0,1
8EV0j5wVb8ZW,1,1
kqKyhGy2uRZA,1,0
syeyZjEx8FUx,1,0
7y2enwkXUF55,1,0
Dg89spvEvIPB,1,0
p09fwn1IZB6X,1,1
64kiQGd5o5kP,1,0
19UWbNvLYCjm,1,0
TXnqBp3MUtg6,1,0
ID8ONkDL6dJr,1,0
Xfh8pQ5dPN9E,0,1
cTKyBoXeySYx,1,0
zQHCPgcPgAbd,1,0
9gpepMI9sj5q,0,0
shva6OQUxfmX,1,0
7dPGSJWR2Ysl,1,0
sTs0tqisuVC3,1,1
EYpH03SiJOMp,0,0
ljcsOeeRkbEy,1,1
ElcXxfHSkpUU,1,0
QEjBOMhdpeRh,0,1
YXyWAJJU4xu1,0,0
5hOO2gLdCoCo,1,0
3zDD5TmAAjsW,1,0
vm2P1hmAY1hl,0,1
7utjlLa52SO7,1,1
BYCeDfNZH2pG,1,0
G0AEGe59Tg3w,0,0
PBycW4nDpJRQ,1,0
b3bu8IP0hrly,0,0
oBrtgjk4PaF0,0,0
wWZUoBUOOXhT,1,1
EN7uC2I557um,0,1
4jGfN8WxzXQ8,1,0
4VEPJjJTP0Oz,0,0
hBopRZ7cFvcc,1,0
0ST9wPiJpQ8h,0,1
eJy3iG1CEzvQ,1,0
q6ib1iVtyNve,1,1
DCAeqLbQa173,1,1
Anm7x0O1vKe8,1,0
csN9UI8WN5C5,0,1
b3S6Sj7ZQfLw,0,1
fxW28SwnU34E,0,1
UOprRYwJvOqc,1,1
I8896fWyLhtN,1,0
QCK0SV3JVoXC,1,0
KtAuL0t0s9c8,1,0
CqralNKsTb4x,1,0
VXfB56h9aY0B,1,1
C7dIeIJzut27,1,0
hTPrKzg834ev,1,0
X0VlsDZSaLRi,1,1
3nrYi1H01KKC,0,1
j9aUX7E9sVAN,1,0
Sc09auSVBLCV,0,1
cr1fWWRfksXe,1,0
AFeHy1lh4DfL,1,0
UOp7nqv0n9PH,1,0
BmA81MsdxigP,1,0
AWjsfXr7mM1a,1,0
iGH68LvDFElJ,1,0
x0yuhCZiG4mU,1,1
6gIOlJcn16PD,0,1
j0VMi4FPMitJ,1,0
1oGy7tt0F5Y8,0,1
e9KNj4GQUZXN,1,0
NTB5PJGvNtFe,0,0
oCjIknDVeyxP,1,0
tA3Zd6tgcNwx,1,0
tyfnmnuPyEDX,1,0
c8d1k8cUCYB2,1,1
lX4UCme3V9aJ,0,1
l3XdefLvbC33,1,0
xqtDAPbGGjCG,0,1
8ZqEcqENo02n,1,0
8RqLpySUwmWx,0,0
Zusa1n9tQ3Yb,1,1
Atx7oub96GXS,0,1
groSbUfkQngM,1,0
zmxGvIrOD0bt,1,0
rOmWFuJCud5G,0,1
k8HhHnnu2wmt,1,1
